{"cameraMode":{"drawMode":0,"name":"Shaded","section":"Shading Mode"},"sceneLighting":false,"audioPlay":false,"sceneViewState":{"showFog":true,"showMaterialUpdate":false,"showSkybox":false,"showFlares":true,"showImageEffects":true,"showParticleSystems":true},"in2DMode":false,"pivot":{"x":0.03737499937415123,"y":1.19209286886246e-9,"z":-0.018000001087784768},"rotation":{"x":0.5339450240135193,"y":0.4644000232219696,"z":-0.5275771617889404,"w":0.47000735998153689},"size":0.02914430759847164,"orthographic":false}